subset_name,TSS_S
all,93124.97872340427
peninsula_only,15227.75
riau_only,51467.33333333338
survey_only,11513.217391304353
